studentId,firstName,middleName,lastName,gender,birthdate,username,passwordHash,phoneNum,country,educationLevel,registeredAt,updatedAt,email
1,Ernie,Dru,Maccree,M,1991/10/09,dmaccree0,UoK99076Eu4,641-899-7022,Thailand,professional certificate,2021-02-20 13:50:12,null,dmaccree0@feedburner.com
2,Letta,Helaine,Burkill,F,1998/10/14,hburkill1,oZzNMbO4A,508-475-6567,Nepal,bachelor,2021-03-28 06:12:11,null,hburkill1@yandex.ru
3,Kermy,,Androli,M,1997/08/11,mandroli2,cUciUwL,724-895-2861,France,bachelor,2021-06-05 02:30:48,null,randroli2@earthlink.net
4,Roobbie,,Whatham,F,1995/03/30,mwhatham3,ogCEgjl,558-309-6390,France,bachelor,2021-05-31 20:31:17,null,ewhatham3@yelp.com
5,Rena,,Cossentine,null,1998/01/30,ycossentine4,H3CpkfKt4bt,587-158-9298,France,bachelor,2021-01-29 23:03:12,null,scossentine4@tumblr.com
6,Hermina,,Mandrake,F,1996/06/02,bmandrake5,NkwzZE2,320-896-2775,United States,high school,2021-04-21 22:02:02,null,rmandrake5@eepurl.com
7,Allyce,,Coundley,F,1989/10/20,acoundley6,sUjn4s70,825-168-7113,France,bachelor,2021-03-09 17:12:06,null,scoundley6@bravesites.com
8,Gayla,,Tuckerman,F,1990/06/08,ttuckerman7,QLpXB3nY24wa,102-756-8611,Bangladesh,high school,2021-06-09 07:33:14,null,vtuckerman7@facebook.com
9,Reynold,,Dorgan,M,1995/01/31,mdorgan8,La4kYYH89,103-823-7545,Thailand,bachelor,2021-03-06 17:58:23,null,hdorgan8@sun.com
10,Pennie,,Morffew,null,1991/12/30,bmorffew9,oqyG98A,561-247-7389,France,bachelor,2021-06-21 09:03:02,null,lmorffew9@berkeley.edu
11,Timothea,,Keays,F,1994/04/17,rkeaysa,mVup5Q3B,272-570-3784,Thailand,bachelor,2021-05-14 23:37:20,null,ckeaysa@mail.ru
12,Etan,,Eva,M,1997/10/09,mevab,ndtOh0l3BD,493-687-9512,France,bachelor,2021-01-03 03:32:07,null,mevab@naver.com
13,Lula,,Sea,F,1997/02/13,mseac,mV9eAe2nLB,721-233-8323,France,bachelor,2021-04-25 05:30:25,null,cseac@themeforest.net
14,Shayne,,Mazzey,M,1996/07/14,lmazzeyd,UEdOkFahD,303-276-3056,United States,professional certificate,2021-03-16 20:50:00,null,gmazzeyd@technorati.com
15,Giuditta,,Eberst,F,1992/03/20,aeberste,28qLIuaV9ON,954-328-4287,United States,bachelor,2021-01-21 14:44:35,null,meberste@nsw.gov.au
16,Drusie,,Gipson,F,1991/04/03,mgipsonf,qaXF6pC,326-278-6893,Nepal,doctoral,2021-02-08 22:37:10,null,cgipsonf@nsw.gov.au
17,Svend,Whitney,Starr,M,1998/02/20,wstarrg,Z8K10j7V2,526-612-8673,France,master,2021-04-18 17:24:11,null,wstarrg@oakley.com
18,Rooney,,Wadesworth,M,1998/04/01,awadesworthh,PkIOeYxEzJ,891-213-7752,France,bachelor,2021-01-31 12:34:25,null,iwadesworthh@addtoany.com
19,Guss,Silvio,Wallington,M,1987/02/10,swallingtoni,3opJuyuW3NNR,132-476-5208,France,bachelor,2021-04-07 00:42:24,null,swallingtoni@google.es
20,Gunilla,Shelly,Winstone,F,1992/10/27,swinstonej,UIr4jk,108-659-2263,Thailand,professional certificate,2021-01-12 12:42:15,null,swinstonej@ucoz.com
21,Gayleen,,Gaishson,F,1992/06/17,agaishsonk,2TzxlwrgXq,216-242-0731,United States,professional certificate,2021-05-05 10:23:24,null,pgaishsonk@slideshare.net
22,Catarina,,Houndsom,F,1990/08/15,ghoundsoml,rpyDCDI,214-117-3195,France,bachelor,2021-01-12 19:26:33,null,ahoundsoml@yelp.com
23,Wayne,,Fold,M,1992/05/01,efoldm,IQKHiao,790-263-5836,France,professional certificate,2021-05-02 17:19:33,null,gfoldm@comsenz.com
24,Alissa,,Honack,F,1994/04/23,fhonackn,s2ALCYClDfxs,304-460-1440,United States,high school,2021-03-21 13:03:46,null,chonackn@list-manage.com
25,Hamish,,Mation,M,1996/07/16,smationo,RdiFoLhMEN,404-433-5996,France,bachelor,2021-02-15 00:07:38,null,smationo@yellowpages.com
26,Hetti,,Kirkebye,F,1996/11/16,fkirkebyep,YpVfHboj,889-662-2421,Thailand,professional certificate,2021-02-19 20:07:04,null,mkirkebyep@cbslocal.com
27,Lorene,Andrea,Easseby,F,1996/04/04,aeassebyq,ejYhHeqAIleJ,571-331-1034,Thailand,master,2021-06-06 17:46:22,null,aeassebyq@xing.com
28,Gretel,,Illston,F,1990/09/27,aillstonr,l3eDxk599Io4,491-335-4297,France,high school,2021-01-23 05:47:11,null,dillstonr@intel.com
29,Engracia,,Diggens,F,1994/07/20,rdiggenss,WiwvpGU3,758-862-8573,France,high school,2021-05-22 13:21:06,null,bdiggenss@networksolutions.com
30,Elton,,Magill,M,1992/10/03,pmagillt,hcx7GLcaiVa,104-828-9641,Thailand,bachelor,2021-03-19 11:21:34,null,nmagillt@blogspot.com
31,Walker,,Pickrill,M,1989/05/13,ppickrillu,CqvFnM4wVHY,804-323-7408,United States,master,2021-01-06 20:01:57,null,mpickrillu@nationalgeographic.com
32,Ethelbert,,Wernher,M,1992/03/31,rwernherv,4iRp0WQn561j,762-741-6622,France,bachelor,2021-06-07 05:59:28,null,ewernherv@amazon.com
33,Loren,,Heddy,M,1987/05/08,rheddyw,yKQOtom1pR,814-376-2472,France,bachelor,2021-02-15 06:32:30,null,hheddyw@gmpg.org
34,Robert,,Gummory,M,1990/02/20,dgummoryx,CzNFll,675-959-2174,Thailand,professional certificate,2021-06-21 08:34:35,null,sgummoryx@eepurl.com
35,Benjamin,,Marnes,null,1993/01/30,gmarnesy,KUzI4zkR2Q7Z,828-288-5306,United States,professional certificate,2021-05-26 18:31:50,null,hmarnesy@eepurl.com
36,Ketti,,Jurges,null,1996/10/10,ejurgesz,yjZbss8zLn,757-878-3664,United States,professional certificate,2021-05-08 23:38:18,null,ljurgesz@theatlantic.com
37,Chane,,Furby,M,1998/11/24,dfurby10,gyUR95D,958-915-6676,Thailand,high school,2021-06-06 20:24:00,null,dfurby10@freewebs.com
38,Jeremy,,Cull,M,1990/08/27,jcull11,qZdDHh,548-218-0111,Thailand,professional certificate,2021-04-02 12:03:51,null,hcull11@networksolutions.com
39,Dell,,Leverich,F,1994/02/10,kleverich12,ihdbWUZ,657-175-1613,Myanmar,master,2021-02-01 01:47:48,2021-08-31 03:56:03,lleverich12@list-manage.com
40,Abbot,,Buzin,M,1987/03/08,ebuzin13,66Tnt7,173-181-6725,Bangladesh,high school,2021-02-09 06:25:14,null,dbuzin13@sbwire.com
41,Christophe,,Boneham,M,1987/10/06,sboneham14,ZowKUr95,285-651-8277,Thailand,bachelor,2021-01-03 08:38:46,null,mboneham14@blogger.com
42,Jordon,,Rennolds,M,1992/11/02,qrennolds15,CUzL85QTIc2S,906-545-2298,France,bachelor,2021-02-13 20:43:09,null,arennolds15@nydailynews.com
43,Neville,Cullen,Kedslie,M,1990/01/29,ckedslie16,eyZldTn8z6y,317-558-6832,United States,bachelor,2021-04-29 01:58:31,null,ckedslie16@oracle.com
44,Em,,O'Nolan,M,1996/02/16,tonolan17,k6PA3rs,454-647-7832,France,bachelor,2021-02-02 14:44:22,null,nonolan17@microsoft.com
45,Ferdinand,,Fouracre,M,1990/04/20,nfouracre18,4Wx81q,334-895-3214,Thailand,bachelor,2021-03-20 22:50:16,null,rfouracre18@shutterfly.com
46,Norton,Matthus,Lestrange,M,1998/01/02,mlestrange19,5zcCtc,288-583-2571,Thailand,high school,2021-03-08 17:15:26,null,mlestrange19@diigo.com
47,Teddie,,Colquitt,F,1993/04/21,icolquitt1a,J4UiNye5,401-603-2563,Thailand,professional certificate,2021-05-06 06:57:59,null,acolquitt1a@pen.io
48,Janie,,Voisey,F,1996/12/24,pvoisey1b,kjaHnYgmr,503-113-8006,France,bachelor,2021-06-09 06:06:19,null,tvoisey1b@dot.gov
49,Chilton,,Bench,M,1993/02/25,vbench1c,K5Abbv,666-176-8071,Thailand,bachelor,2021-02-06 01:18:35,null,pbench1c@163.com
50,Mickey,,Maunton,M,1997/11/10,kmaunton1d,OGG3fW,125-339-1627,France,professional certificate,2021-06-15 10:01:55,null,cmaunton1d@illinois.edu
51,Marven,,Vokins,M,1997/07/11,svokins1e,y01nrSwfH6jl,495-761-3201,France,doctoral,2021-02-02 21:57:04,null,kvokins1e@chicagotribune.com
52,Carita,,Hoolaghan,F,1989/02/27,dhoolaghan1f,9rFxrbcPSX32,592-262-5338,France,master,2021-04-23 13:37:21,null,thoolaghan1f@shinystat.com
53,Sibel,Vere,Signe,F,1993/07/15,vsigne1g,bk7PWHw45,600-470-5999,France,master,2021-03-02 08:02:10,null,vsigne1g@github.io
54,Thebault,,Frick,M,1990/01/05,sfrick1h,ubguLnYVC,560-636-8721,Thailand,bachelor,2021-03-12 03:51:18,null,bfrick1h@csmonitor.com
55,Claiborn,,Cleverley,M,1987/08/07,mcleverley1i,RzDzt6sRBA6C,754-169-0144,Myanmar,professional certificate,2021-03-12 08:46:50,null,acleverley1i@mapy.cz
56,Britteny,,Kissack,F,1989/01/19,jkissack1j,QSdSUN,505-113-6547,United States,master,2021-05-04 12:23:47,null,bkissack1j@yellowpages.com
57,Hendrik,,Stubs,M,1993/12/29,mstubs1k,OJQ5KEv2Rz8,603-839-5133,France,bachelor,2021-02-27 11:22:45,null,vstubs1k@meetup.com
58,Blithe,Maurizia,Cargon,F,1994/11/28,mcargon1l,WQXzh9,561-269-5525,France,professional certificate,2021-03-03 12:25:30,null,mcargon1l@blogtalkradio.com
59,Ami,,Robart,F,1992/08/05,crobart1m,sAKIph,649-806-4135,France,doctoral,2021-06-14 21:12:36,null,lrobart1m@bloomberg.com
60,Natty,,Leyband,F,1995/04/30,sleyband1n,ggJ0NucqnK,903-166-6290,United States,professional certificate,2021-04-06 11:42:36,null,hleyband1n@themeforest.net
61,Karie,Wileen,Spering,F,1988/03/29,wspering1o,TWT1dTu4Yg07,179-282-8825,France,bachelor,2021-06-21 12:35:47,null,wspering1o@paypal.com
62,Aurel,,Folke,F,1989/09/26,rfolke1p,ayAufJhyV44v,739-189-2193,France,master,2021-06-03 18:58:17,null,efolke1p@intel.com
63,Fania,,Bonnar,F,1993/04/22,rbonnar1q,On8HVtbmB,404-293-0940,United States,master,2021-06-17 22:34:41,null,rbonnar1q@dailymail.co.uk
64,Lucretia,,Harbron,null,1987/01/06,kharbron1r,d1De9Y6Pnb,250-524-6383,France,professional certificate,2021-05-05 22:18:10,null,bharbron1r@taobao.com
65,Tibold,,O'Dyvoie,M,1987/08/21,hodyvoie1s,NSw1Ird8i,223-187-5895,Bangladesh,professional certificate,2021-04-05 04:07:24,null,aodyvoie1s@4shared.com
66,Cornela,,Carine,F,1995/07/12,rcarine1t,MwBSud7eyS3,341-150-1962,Thailand,doctoral,2021-05-06 10:50:25,null,dcarine1t@shutterfly.com
67,Marys,,Friary,F,1995/01/04,rfriary1u,gvdlZM2V4E,203-672-6265,France,bachelor,2021-04-13 18:07:21,2021-08-02 22:07:33,efriary1u@dropbox.com
68,Corilla,Myrtice,Hordle,F,1997/08/25,mhordle1v,W3O0vTMTZHFC,667-857-4862,France,bachelor,2021-05-18 11:32:54,null,mhordle1v@so-net.ne.jp
69,Hewie,,Andrag,M,1988/06/08,kandrag1w,Ef7kcQs,762-297-4644,France,bachelor,2021-06-22 21:41:01,null,kandrag1w@amazon.com
70,Arney,,Gooder,M,1997/01/26,ngooder1x,eXtsjxwYy,689-198-8449,France,bachelor,2021-03-08 16:29:07,null,pgooder1x@networksolutions.com
71,Karine,,Sphinxe,F,1989/04/27,msphinxe1y,UVOyGcdV4,684-346-2110,Thailand,bachelor,2021-01-06 22:36:31,null,msphinxe1y@un.org
72,Palmer,Averell,Loft,M,1997/03/15,aloft1z,dr160jbq,956-475-8586,France,bachelor,2021-05-02 14:56:04,null,aloft1z@acquirethisname.com
73,Jarad,,Faire,M,1988/07/15,kfaire20,kwtXmsgu5o,512-533-3562,United States,professional certificate,2021-05-16 07:10:39,null,gfaire20@google.com.au
74,Codi,Athena,Chimienti,F,1988/06/22,achimienti21,HmQDP6mZD,584-664-0852,Thailand,bachelor,2021-01-27 22:07:55,null,achimienti21@nsw.gov.au
75,Kienan,,Brigden,M,1989/05/30,tbrigden22,u30FMAgzIZT,448-779-4111,Thailand,bachelor,2021-03-28 21:56:58,null,abrigden22@xrea.com
76,Sammy,,Grimmett,F,1997/05/28,cgrimmett23,drwKAACDepqc,124-911-7786,France,bachelor,2021-05-15 04:02:50,null,ogrimmett23@miibeian.gov.cn
77,Marlo,,Hawkes,F,1987/06/27,ehawkes24,RYvpFC5,172-603-8965,Thailand,bachelor,2021-01-15 08:08:23,null,mhawkes24@comsenz.com
78,Fin,,Cicerone,M,1993/02/03,scicerone25,o8pKs1ftpnd,744-661-2743,Thailand,high school,2021-03-15 13:59:45,2021-08-06 23:06:39,mcicerone25@washington.edu
79,Vachel,,Langworthy,M,1998/01/14,dlangworthy26,ppBt1psps,823-845-3908,France,high school,2021-05-18 16:27:32,null,flangworthy26@dot.gov
80,Teresina,,Pinyon,F,1990/02/19,cpinyon27,hMKIZE,816-114-3780,United States,high school,2021-01-18 09:37:41,null,ipinyon27@mtv.com
81,Virge,,Bussy,M,1988/08/02,jbussy28,bRKh0MOfcL,281-816-5716,Thailand,bachelor,2021-05-04 12:05:13,null,wbussy28@naver.com
82,Genny,,Judd,F,1998/10/23,rjudd29,RntuCDCRC,247-590-6684,France,professional certificate,2021-01-08 17:12:20,null,ijudd29@sbwire.com
83,Lodovico,Rouvin,Mapes,M,1996/04/23,rmapes2a,dLJWQeGf85,811-824-3214,Thailand,bachelor,2021-02-19 17:44:50,null,rmapes2a@msn.com
84,Allard,,Franzini,M,1987/03/22,afranzini2b,i6sHaEFAN,737-553-3200,France,professional certificate,2021-01-15 15:22:56,null,sfranzini2b@stumbleupon.com
85,Cris,,Gilligan,M,1991/11/22,cgilligan2c,aMiflv36Xez6,861-774-1133,France,high school,2021-03-08 12:48:42,null,hgilligan2c@dedecms.com
86,Marwin,,Child,M,1993/10/06,tchild2d,quKE2T1CbrWV,582-700-4767,France,high school,2021-02-04 08:22:48,2021-08-12 18:10:07,vchild2d@goodreads.com
87,Tresa,,Ashcroft,F,1990/12/17,dashcroft2e,oF3wIi9rT,206-901-9022,United States,professional certificate,2021-03-11 18:58:02,null,tashcroft2e@feedburner.com
88,Mavis,,Giraudoux,F,1997/12/11,sgiraudoux2f,DIEaPFYJZ6,324-474-2931,Thailand,bachelor,2021-01-26 16:23:44,2021-08-26 14:38:11,kgiraudoux2f@gmpg.org
89,Wilmer,Paul,Hearns,M,1991/01/10,phearns2g,s29FAxxUdV8,608-904-6811,United States,bachelor,2021-04-13 12:40:18,null,phearns2g@ow.ly
90,Theresa,,Simoncelli,F,1995/11/11,dsimoncelli2h,56StnFb,504-410-7443,United States,bachelor,2021-01-16 14:38:56,null,hsimoncelli2h@bravesites.com
91,Karon,,Braunds,F,1992/12/27,lbraunds2i,rXN8KWFJ,363-719-3454,Thailand,professional certificate,2021-05-15 19:40:41,null,ybraunds2i@infoseek.co.jp
92,Griffie,,Chestle,null,1990/01/04,achestle2j,BegevV,645-843-1651,France,bachelor,2021-05-03 14:54:57,null,fchestle2j@prnewswire.com
93,Kalinda,,Bilham,F,1989/02/12,jbilham2k,vOWYEQ8ZGoI,206-136-4391,United States,bachelor,2021-01-30 00:53:37,2021-08-14 21:45:41,mbilham2k@sitemeter.com
94,Nan,Shana,O' Finan,F,1998/05/17,sofinan2l,PLVIs4IlK52p,385-873-0603,Thailand,master,2021-01-12 17:38:47,null,sofinan2l@google.fr
95,Emalee,,Gribbell,F,1990/11/12,mgribbell2m,LjUA0hjf,831-845-2330,France,doctoral,2021-01-12 23:31:56,2021-08-27 01:50:08,bgribbell2m@arizona.edu
96,Faunie,,Hachette,F,1987/03/26,chachette2n,EJP2jZ4X,937-748-9128,United States,high school,2021-03-29 03:59:21,null,chachette2n@hostgator.com
97,Lennie,,Jachimczak,M,1991/04/22,kjachimczak2o,JVhPkU5,216-922-6883,Thailand,bachelor,2021-06-09 16:38:39,null,ajachimczak2o@statcounter.com
98,Preston,,Sennett,null,1993/06/10,bsennett2p,tI2BC5U,682-562-0980,United States,bachelor,2021-06-05 06:18:36,null,tsennett2p@dailymail.co.uk
99,Lodovico,,Feary,M,1995/02/25,dfeary2q,mh1aSBU,570-657-1149,France,master,2021-06-10 22:58:31,null,rfeary2q@businesswire.com
100,Cammy,,Bramont,M,1995/05/27,lbramont2r,Dx4yAMPH8y3,766-736-3181,France,bachelor,2021-01-22 23:09:59,null,cbramont2r@loc.gov
101,Devora,Misty,Bazire,F,1992/11/09,mbazire2s,R1eFhq0YSi,559-552-6628,Thailand,professional certificate,2021-02-20 12:31:03,null,mbazire2s@blinklist.com
102,Patrice,,Bradder,M,1996/02/23,abradder2t,UU6V9eTEgq,508-741-6605,France,high school,2021-03-29 22:58:27,null,fbradder2t@mysql.com
103,Samaria,,Dooney,F,1991/05/19,cdooney2u,YtAoV07,674-376-6541,Bangladesh,bachelor,2021-01-15 00:04:43,null,hdooney2u@live.com
104,Ethel,Sara-ann,Rudolfer,F,1988/05/04,srudolfer2v,TRK2Iv9,689-558-9970,France,doctoral,2021-02-17 19:09:57,null,srudolfer2v@addtoany.com
105,Padget,Ruby,Jekyll,M,1994/08/22,rjekyll2w,xb0NMVA,null,France,high school,2021-04-20 09:27:53,null,rjekyll2w@dedecms.com
106,Zondra,,Bullock,F,1987/12/09,cbullock2x,J9B5AFS,671-434-1450,France,professional certificate,2021-03-27 00:43:27,null,kbullock2x@fda.gov
107,Johan,Raul,Hentzer,M,1993/04/11,rhentzer2y,nhVNyEQr4Db0,324-354-4345,France,bachelor,2021-06-05 06:21:06,null,rhentzer2y@businesswire.com
108,Margareta,,Batter,F,1993/02/24,pbatter2z,11uhD9RkErDN,940-420-4940,France,professional certificate,2021-01-18 22:08:19,2021-08-17 20:04:53,abatter2z@toplist.cz
109,Carolynn,Ivett,Westley,F,1994/08/25,iwestley30,B1tNA52la,295-894-6496,France,bachelor,2021-05-19 02:43:36,null,iwestley30@alibaba.com
110,Wood,,Capineer,M,1992/07/29,kcapineer31,RukekeWg,305-953-4248,United States,doctoral,2021-05-16 05:59:18,null,dcapineer31@cam.ac.uk
111,Nap,,Cavozzi,M,1988/03/19,lcavozzi32,MmMeZbQHVfW,490-604-3709,France,professional certificate,2021-05-25 23:45:01,null,jcavozzi32@seattletimes.com
112,Sergeant,,O'Ruane,M,1997/09/21,boruane33,eNjt2FJ,691-362-1710,Thailand,professional certificate,2021-01-10 01:26:50,null,toruane33@pcworld.com
113,Shellie,,McLaughlin,F,1996/01/28,amclaughlin34,D2ukGizEq,151-302-7019,France,high school,2021-01-10 16:42:17,null,gmclaughlin34@twitter.com
114,Reinwald,,Moehle,M,1993/10/01,tmoehle35,D3ttkfwfy5Ol,565-707-9271,France,professional certificate,2021-05-13 16:52:04,null,emoehle35@hugedomains.com
115,Ros,,Ernshaw,F,1995/07/18,dernshaw36,Mrt7Vkb,300-771-3890,Thailand,master,2021-05-15 16:14:15,2021-08-06 07:28:16,rernshaw36@yellowbook.com
116,Nicole,,Crowche,F,1988/06/14,wcrowche37,yFhaHyM4J,435-553-2101,France,bachelor,2021-01-15 04:39:10,null,wcrowche37@apache.org
117,Kenton,Demott,Matveiko,M,1998/09/10,dmatveiko38,n6Lln15hO7,379-703-9194,France,professional certificate,2021-05-10 05:32:24,null,dmatveiko38@eepurl.com
118,Galvin,,Cheevers,M,1990/05/16,gcheevers39,CUVlkgwoIl,831-741-7895,Thailand,bachelor,2021-03-04 06:47:14,null,fcheevers39@google.de
119,Juliet,,Beeden,F,1998/04/04,bbeeden3a,26OVNpD26fQ,614-961-1053,France,high school,2021-02-05 08:02:55,null,fbeeden3a@wunderground.com
120,Verene,Jonie,Rivilis,F,1997/07/19,jrivilis3b,giHbZZCFc,524-921-3371,France,bachelor,2021-01-13 06:59:32,null,jrivilis3b@pcworld.com
121,Nevins,,Phin,null,1998/10/19,vphin3c,YhaPT8mN,217-788-4463,United States,professional certificate,2021-04-21 04:42:38,null,kphin3c@statcounter.com
122,Obidiah,,Renals,M,1988/01/20,grenals3d,Tw3SnqHY0G,879-700-1907,Myanmar,bachelor,2021-05-19 09:45:51,null,rrenals3d@dmoz.org
123,Alfredo,,Christofe,M,1997/11/15,tchristofe3e,NHLH73IV,463-183-6451,France,doctoral,2021-03-03 17:35:23,null,cchristofe3e@npr.org
124,Zacharia,,Durtnel,M,1988/06/29,kdurtnel3f,0DseSel4k8,609-393-3209,France,bachelor,2021-06-30 17:43:45,null,sdurtnel3f@soup.io
125,Mariana,Tresa,Ilyinski,null,1994/04/04,tilyinski3g,lv4nmx,471-511-6773,France,professional certificate,2021-01-19 01:22:12,null,tilyinski3g@about.com
126,Gabi,,Weaben,F,1992/03/28,jweaben3h,pj7oluCzOPS,655-500-4349,Myanmar,professional certificate,2021-04-06 00:32:13,null,eweaben3h@ibm.com
127,Sutherland,,Mushrow,M,1996/09/13,lmushrow3i,NAOR06PF,372-862-1941,Thailand,bachelor,2021-02-17 00:07:45,null,smushrow3i@livejournal.com
128,Upton,,Pinn,M,1987/11/20,kpinn3j,cOranr,677-681-5027,France,bachelor,2021-03-13 20:06:34,null,rpinn3j@constantcontact.com
129,Ranna,,Tubb,F,1996/05/19,ztubb3k,xXUWMoIrlJW,114-550-6850,Nepal,high school,2021-03-16 12:12:30,null,stubb3k@cdc.gov
130,Sherline,,Sibbons,F,1989/08/30,rsibbons3l,n9WrWvRxO,688-222-3313,Thailand,doctoral,2021-01-28 02:31:37,null,dsibbons3l@archive.org
131,Carl,,Arington,M,1995/02/10,karington3m,K8EouIL0,708-332-0718,France,bachelor,2021-03-07 04:15:56,null,barington3m@4shared.com
132,Perceval,,Clerk,M,1988/12/02,aclerk3n,caOEFOUOE5OK,977-180-9027,France,bachelor,2021-05-04 22:40:25,null,tclerk3n@adobe.com
133,Bendick,,McPeake,M,1989/11/16,cmcpeake3o,H4cWNVtNDRr,312-795-0483,United States,bachelor,2021-06-26 12:09:13,null,lmcpeake3o@usnews.com
134,Larry,,Harken,M,1988/09/22,charken3p,s5wzXQ4zD4uM,906-392-8511,Thailand,bachelor,2021-06-22 16:45:13,null,bharken3p@cisco.com
135,Carlyle,,Sivyour,M,1989/04/27,ssivyour3q,TNcdi1a,639-862-7581,Thailand,bachelor,2021-01-21 19:06:20,null,ksivyour3q@moonfruit.com
136,Israel,Kip,Snawden,null,1987/08/03,ksnawden3r,sr96KdvSz,225-795-3168,United States,bachelor,2021-03-07 12:13:20,null,ksnawden3r@webeden.co.uk
137,Saraann,,Fullerton,F,1987/04/01,mfullerton3s,eIgaxjGU,144-774-2194,France,professional certificate,2021-04-01 01:56:44,null,sfullerton3s@privacy.gov.au
138,Austine,,Fritschmann,F,1997/05/18,sfritschmann3t,osAQzoOA7Puj,998-450-8653,France,bachelor,2021-06-22 13:16:55,null,afritschmann3t@diigo.com
139,Terrie,,Wooff,F,1989/01/09,hwooff3u,XjXNbNPjxXna,799-949-4481,Bangladesh,bachelor,2021-05-30 01:36:01,null,jwooff3u@google.co.jp
140,Spense,Emilio,Heed,M,1997/07/08,eheed3v,41b1aIZt,494-392-2520,France,professional certificate,2021-04-13 16:42:02,null,eheed3v@yahoo.co.jp
141,Suzanna,,Dunleavy,F,1988/02/28,edunleavy3w,gCloRFPcRpH,339-473-2645,United States,professional certificate,2021-02-25 05:46:04,null,edunleavy3w@t-online.de
142,Waring,Vin,Ivanitsa,M,1990/09/23,vivanitsa3x,Kc706DytQyU3,786-189-0243,United States,bachelor,2021-06-29 05:35:12,null,vivanitsa3x@reddit.com
143,Rani,,McNickle,null,1997/05/31,tmcnickle3y,sbxHLCwhb4,625-413-5280,Myanmar,master,2021-03-04 05:11:03,null,tmcnickle3y@fastcompany.com
144,Berti,,McGowran,M,1997/06/15,mmcgowran3z,tfusM6QruJ,718-270-1451,United States,bachelor,2021-05-28 03:52:13,null,fmcgowran3z@webeden.co.uk
145,Brennan,,Tyrer,M,1992/05/31,mtyrer40,6xTngU,713-577-3981,United States,bachelor,2021-06-05 15:27:28,null,rtyrer40@dell.com
146,Jeddy,Prisca,Caro,null,1997/01/15,pcaro41,qEZpeVXyyyr,610-355-0107,United States,professional certificate,2021-03-25 02:24:50,null,pcaro41@house.gov
147,Angele,,Brian,F,1993/06/18,jbrian42,trkHubMZ1Dab,213-332-4820,United States,bachelor,2021-05-07 15:30:42,null,mbrian42@hp.com
148,Ray,,McGlone,F,1988/08/02,emcglone43,SC8zKf0,469-580-8506,France,high school,2021-02-09 09:54:11,null,wmcglone43@examiner.com
149,Gerard,,Paddeley,M,1989/12/16,bpaddeley44,vqNEstI,151-402-9634,Bangladesh,bachelor,2021-01-06 11:42:37,null,mpaddeley44@washingtonpost.com
150,Mason,Timothee,Dallaghan,M,1997/10/10,tdallaghan45,fh3gKRhFh7F,793-863-4774,France,bachelor,2021-02-18 09:00:49,null,tdallaghan45@taobao.com
151,Willow,,Maxweell,F,1990/03/24,emaxweell46,qaAy97FCbWU,315-765-7864,France,high school,2021-02-14 14:56:45,null,dmaxweell46@jiathis.com
152,Anjela,Florry,Sherel,F,1991/06/14,fsherel47,vskmrVwKPTI,399-983-8822,France,bachelor,2021-02-21 14:23:16,null,fsherel47@vistaprint.com
153,Bel,,Habert,F,1990/04/27,bhabert48,wYI1GvE,352-482-1706,United States,master,2021-05-20 04:35:17,null,whabert48@csmonitor.com
154,Alessandra,,Berndtssen,F,1989/12/02,gberndtssen49,CuLhalfdL8pu,919-325-2796,Nepal,doctoral,2021-01-07 11:06:14,null,pberndtssen49@engadget.com
155,Annetta,,Barts,F,1994/03/24,kbarts4a,EQVohLmldz,160-626-5735,Thailand,bachelor,2021-01-17 21:01:01,null,gbarts4a@creativecommons.org
156,Linette,,Boatwright,F,1995/01/07,lboatwright4b,EvhaB1A,839-926-6236,Nepal,professional certificate,2021-05-20 10:17:40,2021-08-13 18:35:05,sboatwright4b@techcrunch.com
157,Dalton,,Reyner,M,1988/01/25,rreyner4c,snC4zcslDdVh,655-739-9986,France,professional certificate,2021-05-31 08:22:55,null,ereyner4c@woothemes.com
158,Glenna,,Pottell,F,1996/12/23,mpottell4d,PXsz0DMEQ,863-932-3353,United States,high school,2021-01-05 23:23:48,null,dpottell4d@illinois.edu
159,Moina,,Gittoes,F,1987/02/27,dgittoes4e,CbeAEmYrF4,334-613-4703,United States,bachelor,2021-06-15 04:27:28,null,ggittoes4e@yelp.com
160,Addy,,MacCostye,M,1994/04/08,wmaccostye4f,RO2q2u5QDXD,415-316-5154,United States,professional certificate,2021-03-12 00:47:18,null,emaccostye4f@dailymotion.com
161,Melisse,,Charon,F,1998/09/15,bcharon4g,1tUHnJeZHcR0,786-867-1529,Australia,bachelor,2021-01-06 05:49:02,null,bcharon4g@cornell.edu
162,Christoper,,Cluett,M,1991/06/07,acluett4h,DXWwugCn,666-906-6540,France,bachelor,2021-03-25 08:21:34,null,ccluett4h@wikipedia.org
163,Lanny,,Barlace,F,1997/06/03,gbarlace4i,W6cgzzfJVkO,319-901-0442,United States,bachelor,2021-02-05 15:44:42,null,rbarlace4i@bigcartel.com
164,Godfree,,Kilban,M,1989/04/10,akilban4j,b1DaVOaea8,326-469-6084,France,bachelor,2021-02-10 09:02:13,null,hkilban4j@chronoengine.com
165,Eleanora,,Ducker,null,1994/07/31,sducker4k,YZ1gW3jznb2X,916-665-7851,United States,bachelor,2021-02-14 14:46:51,null,bducker4k@biblegateway.com
166,Silvan,,Bleything,M,1991/07/08,ybleything4l,eepA0I,617-675-4183,United States,bachelor,2021-05-02 00:16:07,null,tbleything4l@bloglovin.com
167,Emmaline,Jennilee,Culwen,F,1989/07/23,jculwen4m,PHKOLIepgJKr,979-421-0195,France,high school,2021-02-08 01:55:38,null,jculwen4m@bandcamp.com
168,Bar,,Leddie,M,1996/10/08,lleddie4n,HfQPLig,276-194-5997,France,bachelor,2021-02-17 21:11:49,null,jleddie4n@github.io
169,Maje,,Heineken,M,1996/04/07,mheineken4o,14tSaCQ,411-152-9970,France,professional certificate,2021-03-04 19:09:42,null,theineken4o@hugedomains.com
170,Nathalie,,Lockie,F,1998/08/15,alockie4p,aCTdE6WC,739-800-5190,France,bachelor,2021-04-29 11:12:13,null,dlockie4p@scientificamerican.com
171,Lodovico,,Pedrocchi,M,1997/02/20,dpedrocchi4q,72kKTg,656-430-6853,France,master,2021-04-11 09:51:51,null,ppedrocchi4q@harvard.edu
172,Wanda,,Ditter,F,1991/10/11,lditter4r,KgWLnpyMadws,702-899-9711,United States,bachelor,2021-06-28 11:23:10,null,cditter4r@unesco.org
173,Brook,,Fraczek,M,1988/10/31,lfraczek4s,TZV3axB8,513-751-1527,United States,doctoral,2021-03-16 03:01:46,null,sfraczek4s@meetup.com
174,Fulton,,Peppett,null,1997/07/28,kpeppett4t,ZcsbmGpkk,null,United States,master,2021-04-06 20:08:33,null,dpeppett4t@yelp.com
175,Onida,,Knibley,null,1988/09/24,lknibley4u,3eNoL28p4UY,693-611-8137,France,professional certificate,2021-03-03 10:41:34,null,kknibley4u@cpanel.net
176,Angelica,,Alyonov,F,1992/02/05,jalyonov4v,aqK4dChPuzO,454-187-0056,France,bachelor,2021-01-21 01:48:28,null,palyonov4v@go.com
177,Wittie,,Grzegorzewski,null,1991/07/23,dgrzegorzewski4w,P9L0czIo6g0k,330-607-7603,United States,bachelor,2021-02-09 08:17:12,null,rgrzegorzewski4w@ameblo.jp
178,Ugo,,Hatwells,null,1989/10/11,ghatwells4x,6zKob6VOr3U,541-715-8144,Thailand,professional certificate,2021-02-08 04:11:09,null,mhatwells4x@yandex.ru
179,Arch,,Pellissier,M,1990/05/08,mpellissier4y,Pi3624ds,101-428-9412,France,bachelor,2021-01-24 17:55:43,null,mpellissier4y@uol.com.br
180,Althea,Ranice,Halwell,F,1988/06/07,rhalwell4z,nwDDwG,870-134-9563,France,bachelor,2021-01-22 01:03:35,null,rhalwell4z@sohu.com
181,Gennifer,,Fawdrey,F,1993/04/29,afawdrey50,nxHsalzb,904-303-3248,United States,doctoral,2021-05-22 10:02:00,null,mfawdrey50@wikia.com
182,Chevy,,Payle,M,1988/12/23,ipayle51,2vU3irB7iQfX,578-812-5027,Thailand,professional certificate,2021-05-30 06:14:27,null,apayle51@github.com
183,Leonora,,Raspison,F,1992/08/29,mraspison52,BKu9813MaeH,713-911-9287,United States,high school,2021-02-13 00:53:15,null,graspison52@amazon.co.uk
184,Sapphira,Jaquelyn,Rabbage,F,1996/01/20,jrabbage53,Mgfaz7QMxWL,517-187-0553,Bangladesh,professional certificate,2021-02-25 07:12:50,null,jrabbage53@oracle.com
185,Conrade,,Petteford,M,1990/04/26,ypetteford54,PzRfd9tZ2K,871-874-8328,Myanmar,high school,2021-05-13 03:00:59,null,epetteford54@merriam-webster.com
186,Merola,,Tunsley,null,1987/12/21,ptunsley55,MZEd9i0,616-499-2636,United States,bachelor,2021-01-22 08:09:34,null,ftunsley55@soup.io
187,Gare,Bambie,Sneath,null,1993/10/16,bsneath56,bzrBe3kXBxd4,592-829-0233,France,doctoral,2021-02-05 04:43:20,null,bsneath56@ovh.net
188,Byrle,,Grain,M,1998/10/02,jgrain57,dUP0GXNQNF,569-367-6307,France,high school,2021-06-03 04:14:46,null,tgrain57@bbc.co.uk
189,Culver,Cosmo,Blyth,M,1988/05/19,cblyth58,beTota5q,687-796-1180,France,professional certificate,2021-06-29 18:02:03,null,cblyth58@yandex.ru
190,Caryl,,Slimming,M,1990/06/28,hslimming59,gRNBPuHxibGc,574-236-5871,Thailand,bachelor,2021-04-13 13:18:29,null,lslimming59@about.com
191,Antonietta,,Schild,F,1995/02/20,lschild5a,FYglyz0d6V,863-100-7806,United States,bachelor,2021-06-04 19:34:44,null,mschild5a@google.com.au
192,Lodovico,,Chaters,null,1994/12/16,gchaters5b,KRF0gsS,754-279-8050,United States,bachelor,2021-02-08 13:32:11,null,hchaters5b@free.fr
193,Taber,Dall,Mosedall,M,1989/02/22,dmosedall5c,hc5hPJv,158-345-6059,France,bachelor,2021-02-26 09:43:14,null,dmosedall5c@theguardian.com
194,Janela,Ginevra,Cayton,F,1991/03/02,gcayton5d,Axj3wufM,491-733-9661,Thailand,high school,2021-04-04 01:37:56,null,gcayton5d@squidoo.com
195,Meade,,Gladbeck,M,1997/02/06,sgladbeck5e,gNO9teFelBpp,636-592-6281,France,professional certificate,2021-04-11 04:12:18,null,rgladbeck5e@prnewswire.com
196,Carolynn,,Hundal,F,1990/08/09,jhundal5f,st1Nbq,209-215-8887,Thailand,professional certificate,2021-03-28 22:54:08,null,jhundal5f@webs.com
197,Shell,,Blench,M,1994/08/01,iblench5g,lRa9x7ZLOg5,967-519-6515,France,bachelor,2021-06-20 21:36:54,null,mblench5g@nasa.gov
198,Gussy,,Gurton,null,1991/02/23,mgurton5h,5qoWySuZNaf,602-221-6911,United States,bachelor,2021-06-01 18:34:07,null,bgurton5h@github.io
199,Leeann,,Leng,F,1996/06/23,mleng5i,tKjh4Lu9xrRZ,651-529-0402,United States,high school,2021-02-09 00:59:21,null,tleng5i@behance.net
200,Edwina,,Mackieson,F,1994/04/14,gmackieson5j,DGjOjqLGQN,330-733-1270,France,professional certificate,2021-03-07 07:18:42,null,smackieson5j@webnode.com